ref_num,name,link,posted_on
QDe.001,ABU SAYYAF GROUP,https://www.un.org/securitycouncil/sanctions/1267/aq_sanctions_list/summaries/entity/abu-sayyaf-group,7-Apr-11
QDe.002,AL-ITIHAAD AL-ISLAMIYA / AIAI,https://www.un.org/securitycouncil/sanctions/1267/aq_sanctions_list/summaries/entity/al-itihaad-al-islamiya/aiai,7-Apr-11
QDe.003,EGYPTIAN ISLAMIC JIHAD,https://www.un.org/securitycouncil/sanctions/1267/aq_sanctions_list/summaries/entity/egyptian-islamic-jihad,7-Sep-10
QDe.004,Al-QAIDA,https://www.un.org/securitycouncil/sanctions/1267/aq_sanctions_list/summaries/entity/al-qaida,7-Oct-11
QDe.005,AL RASHID TRUST,https://www.un.org/securitycouncil/sanctions/1267/aq_sanctions_list/summaries/entity/al-rashid-trust,7-Sep-10
QDe.006,ARMED ISLAMIC GROUP,https://www.un.org/securitycouncil/sanctions/1267/aq_sanctions_list/summaries/entity/armed-islamic-group,7-Apr-11
QDe.007,ASBAT AL-ANSAR,https://www.un.org/securitycouncil/sanctions/1267/aq_sanctions_list/summaries/entity/asbat-al-ansar,7-Apr-11
QDe.008,HARAKAT UL-MUJAHIDIN / HUM,https://www.un.org/securitycouncil/sanctions/1267/aq_sanctions_list/summaries/entity/harakat-ul-mujahidin/hum,7-Oct-11
QDe.009,ISLAMIC ARMY OF ADEN,https://www.un.org/securitycouncil/sanctions/1267/aq_sanctions_list/summaries/entity/islamic-army-of-aden,7-Sep-10
QDe.010,ISLAMIC MOVEMENT OF UZBEKISTAN,https://www.un.org/securitycouncil/sanctions/1267/aq_sanctions_list/summaries/entity/islamic-movement-of-uzbekistan,7-Apr-11
QDe.011,LIBYAN ISLAMIC FIGHTING GROUP,https://www.un.org/securitycouncil/sanctions/1267/aq_sanctions_list/summaries/entity/libyan-islamic-fighting-group,23-Aug-10
QDe.012,MAKHTAB AL-KHIDAMAT,https://www.un.org/securitycouncil/sanctions/1267/aq_sanctions_list/summaries/entity/makhtab-al-khidamat,7-Sep-10
QDe.014,THE ORGANIZATION OF AL-QAIDA IN THE ISLAMIC MAGHREB,https://www.un.org/securitycouncil/sanctions/1267/aq_sanctions_list/summaries/entity/the-organization-of-al-qaida-in-the-islamic,28-Mar-11
QDe.015,WAFA HUMANITARIAN ORGANIZATION,https://www.un.org/securitycouncil/sanctions/1267/aq_sanctions_list/summaries/entity/wafa-humanitarian-organization,7-Apr-11
QDe.019,JAISH-I-MOHAMMED,https://www.un.org/securitycouncil/sanctions/1267/aq_sanctions_list/summaries/entity/jaish-i-mohammed,7-Oct-11
QDe.020,JAM‚ÄôYAH TA‚ÄôAWUN AL-ISLAMIA,https://www.un.org/securitycouncil/sanctions/1267/aq_sanctions_list/summaries/entity/jam%E2%80%99yah-ta%E2%80%99awun-al-islamia,7-Apr-11
QDe.021,RABITA TRUST,https://www.un.org/securitycouncil/sanctions/1267/aq_sanctions_list/summaries/entity/rabita-trust,7-Apr-11
QDe.068,UMMAH TAMEER E-NAU (UTN),https://www.un.org/securitycouncil/sanctions/1267/aq_sanctions_list/summaries/entity/ummah-tameer-e-nau-%28utn%29,7-Apr-11
QDe.069,AFGHAN SUPPORT COMMITTEE (ASC),https://www.un.org/securitycouncil/sanctions/1267/aq_sanctions_list/summaries/entity/afghan-support-committee-%28asc%29,7-Apr-11
QDe.070,REVIVAL OF ISLAMIC HERITAGE SOCIETY,https://www.un.org/securitycouncil/sanctions/1267/aq_sanctions_list/summaries/entity/revival-of-islamic-heritage-society,7-Apr-11
QDe.088,EASTERN TURKISTAN ISLAMIC MOVEMENT,https://www.un.org/securitycouncil/sanctions/1267/aq_sanctions_list/summaries/entity/eastern-turkistan-islamic-movement,7-Apr-11
QDe.089,MOROCCAN ISLAMIC COMBATANT GROUP,https://www.un.org/securitycouncil/sanctions/1267/aq_sanctions_list/summaries/entity/moroccan-islamic-combatant-group,14-Dec-09
QDe.090,TUNISIAN COMBATANT GROUP,https://www.un.org/securitycouncil/sanctions/1267/aq_sanctions_list/summaries/entity/tunisian-combatant-group,7-Apr-11
QDe.091,GLOBAL RELIEF FOUNDATION (GRF),https://www.un.org/securitycouncil/sanctions/1267/aq_sanctions_list/summaries/entity/global-relief-foundation-%28grf%29,7-Sep-10
QDe.092,JEMAAH ISLAMIYAH,https://www.un.org/securitycouncil/sanctions/1267/aq_sanctions_list/summaries/entity/jemaah-islamiyah,28-Mar-11
QDe.093,BENEVOLENCE INTERNATIONAL FOUNDATION,https://www.un.org/securitycouncil/sanctions/1267/aq_sanctions_list/summaries/entity/benevolence-international-foundation,19-Nov-10
QDe.096,LASHKAR I JHANGVI (LJ),https://www.un.org/securitycouncil/sanctions/1267/aq_sanctions_list/summaries/entity/lashkar-i-jhangvi-%28lj%29,7-Oct-11
QDe.098,ANSAR AL-ISLAM,https://www.un.org/securitycouncil/sanctions/1267/aq_sanctions_list/summaries/entity/ansar-al-islam,19-Nov-10
QDe.099,ISLAMIC INTERNATIONAL BRIGADE (IIB),https://www.un.org/securitycouncil/sanctions/1267/aq_sanctions_list/summaries/entity/islamic-international-brigade-%28iib%29,7-Sep-10
QDe.100,RIYADUS-SALIKHIN RECONNAISSANCE AND SABOTAGE BATTALION OF CHECHEN MARTYRS (RSRSBCM),https://www.un.org/securitycouncil/sanctions/1267/aq_sanctions_list/summaries/entity/riyadus-salikhin-reconnaissance-and-sabotage,7-Sep-10
QDe.101,SPECIAL PURPOSE ISLAMIC REGIMENT (SPIR),https://www.un.org/securitycouncil/sanctions/1267/aq_sanctions_list/summaries/entity/special-purpose-islamic-regiment-%28spir%29,7-Sep-10
QDe.104,AL-HARAMAIN FOUNDATION (PAKISTAN),https://www.un.org/securitycouncil/sanctions/1267/aq_sanctions_list/summaries/entity/al-haramain-foundation-%28pakistan%29,30-Oct-09
QDe.105,AL-HARAMAYN FOUNDATION (KENYA),https://www.un.org/securitycouncil/sanctions/1267/aq_sanctions_list/summaries/entity/al-haramayn-foundation-%28kenya%29,30-Oct-09
QDe.106,AL-HARAMAYN FOUNDATION (TANZANIA),https://www.un.org/securitycouncil/sanctions/1267/aq_sanctions_list/summaries/entity/al-haramayn-foundation-%28tanzania%29,30-Oct-09
QDe.107,AL FURQAN,https://www.un.org/securitycouncil/sanctions/1267/aq_sanctions_list/summaries/entity/al-furqan,19-Nov-10
QDe.108,TAIBAH INTERNATIONAL-BOSNIA OFFICES,https://www.un.org/securitycouncil/sanctions/1267/aq_sanctions_list/summaries/entity/taibah-international-bosnia-offices,7-Apr-11
QDe.109,AL-HARAMAIN & AL MASJED AL-AQSA CHARITY FOUNDATION,https://www.un.org/securitycouncil/sanctions/1267/aq_sanctions_list/summaries/entity/al-haramain-%26-al-masjed-al-aqsa-charity-foundation,30-Oct-09
QDe.110,AL-HARAMAIN: AFGHANISTAN BRANCH,https://www.un.org/securitycouncil/sanctions/1267/aq_sanctions_list/summaries/entity/al-haramain%3A-afghanistan-branch,30-Oct-09
QDe.111,AL HARAMAIN: ALBANIA BRANCH,https://www.un.org/securitycouncil/sanctions/1267/aq_sanctions_list/summaries/entity/al-haramain%3A-albania-branch,30-Oct-09
QDe.112,AL-HARAMAIN: BANGLADESH BRANCH,https://www.un.org/securitycouncil/sanctions/1267/aq_sanctions_list/summaries/entity/al-haramain%3A-bangladesh-branch,30-Oct-09
QDe.113,AL-HARAMAIN: ETHIOPIA BRANCH,https://www.un.org/securitycouncil/sanctions/1267/aq_sanctions_list/summaries/entity/al-haramain%3A-ethiopia-branch,30-Oct-09
QDe.114,AL-HARAMAIN: THE NETHERLANDS BRANCH,https://www.un.org/securitycouncil/sanctions/1267/aq_sanctions_list/summaries/entity/al-haramain%3A-the-netherlands-branch,30-Oct-09
QDe.115,AL-QAIDA IN IRAQ,https://www.un.org/securitycouncil/sanctions/1267/aq_sanctions_list/summaries/entity/al-qaida-in-iraq,28-Mar-11
QDe.116,AL-HARAMAIN FOUNDATION (UNION OF THE COMOROS),https://www.un.org/securitycouncil/sanctions/1267/aq_sanctions_list/summaries/entity/al-haramain-foundation-%28union-of-the-comoros%29,30-Oct-09
QDe.118,LASHKAR-E-TAYYIBA,https://www.un.org/securitycouncil/sanctions/1267/aq_sanctions_list/summaries/entity/lashkar-e-tayyiba,23-Aug-10
QDe.119,ISLAMIC JIHAD GROUP,https://www.un.org/securitycouncil/sanctions/1267/aq_sanctions_list/summaries/entity/islamic-jihad-group,7-Sep-10
QDe.121,AL-AKHTAR TRUST INTERNATIONAL,https://www.un.org/securitycouncil/sanctions/1267/aq_sanctions_list/summaries/entity/al-akhtar-trust-international,6-Apr-09
QDe.128,RAJAH SOLAIMAN MOVEMENT,https://www.un.org/securitycouncil/sanctions/1267/aq_sanctions_list/summaries/entity/rajah-solaiman-movement,7-May-09
QDe.129,AL-QAIDA IN THE ARABIAN PENINSULA (AQAP),https://www.un.org/securitycouncil/sanctions/1267/aq_sanctions_list/summaries/entity/al-qaida-in-the-arabian-peninsula-%28aqap%29,19-Jan-10
QDe.130,HARAKAT-UL JIHAD ISLAMI,https://www.un.org/securitycouncil/sanctions/1267/aq_sanctions_list/summaries/entity/harakat-ul-jihad-islami,6-Aug-10
QDe.131,EMARAT KAVKAZ,https://www.un.org/securitycouncil/sanctions/1267/aq_sanctions_list/summaries/entity/emarat-kavkaz,29-Jul-11
QDe.132,TEHRIK-E TALIBAN PAKISTAN (TTP),https://www.un.org/securitycouncil/sanctions/1267/aq_sanctions_list/summaries/entity/tehrik-e-taliban-pakistan-%28ttp%29,29-Jul-11
QDe.133,JEMMAH ANSHORUT TAUHID (JAT),https://www.un.org/securitycouncil/sanctions/1267/aq_sanctions_list/summaries/entity/jemmah-anshorut-tauhid,12-Mar-12
QDe.134,MOUVEMENT POUR L‚ÄôUNIFICATION ET LE JIHAD EN AFRIQUE DE L‚ÄôOUEST (MUJAO),https://www.un.org/securitycouncil/sanctions/1267/aq_sanctions_list/summaries/entity/mouvement-pour-l%E2%80%99unification-et-le-jihad-en,5-Dec-12
QDe.135,ANSAR EDDINE,https://www.un.org/securitycouncil/sanctions/1267/aq_sanctions_list/summaries/entity/ansar-eddine,20-Mar-13
QDe.136,MUHAMMAD JAMAL NETWORK (MJN),https://www.un.org/securitycouncil/sanctions/1267/aq_sanctions_list/summaries/entity/muhammad-jamal-network-%28mjn%29,21-Oct-13
QDe.137,AL-NUSRAH FRONT FOR THE PEOPLE OF THE LEVANT,https://www.un.org/securitycouncil/sanctions/1267/aq_sanctions_list/summaries/entity/al-nusrah-front-for-the-people-of-the-levant,14-May-14
QDe.138,JAMA'ATU AHLIS-SUNNA LIDDA'AWATI WAL-JIHAD (BOKO HARAM),https://www.un.org/securitycouncil/sanctions/1267/aq_sanctions_list/summaries/entity/jama%27atu-ahlis-sunna-lidda%27awati-wal-jihad-%28boko,22-May-14
QDe.139,AL MOUAKAOUNE BIDDAM,https://www.un.org/securitycouncil/sanctions/1267/aq_sanctions_list/summaries/entity/al-mouakaoune-biddam,2-Jun-14
QDe.140,AL MOULATHAMOUN,https://www.un.org/securitycouncil/sanctions/1267/aq_sanctions_list/summaries/entity/al-moulathamoun,2-Jun-14
QDe.141,AL MOURABITOUN,https://www.un.org/securitycouncil/sanctions/1267/aq_sanctions_list/summaries/entity/al-mourabitoun,2-Jun-14
QDe.142,ANSARUL MUSLIMINA FI BILADIS-SUDAN,https://www.un.org/securitycouncil/sanctions/1267/aq_sanctions_list/summaries/entity/ansarul-muslimina-fi-biladis-sudan,26-Jun-14
QDe.143,ANSAR AL-SHARI‚ÄôA IN TUNISIA (AAS-T),https://www.un.org/securitycouncil/sanctions/1267/aq_sanctions_list/summaries/entity/ansar-al-shari%E2%80%99a-in-tunisia-%28aas-t%29,23-Sep-14
QDe.144,ABDALLAH AZZAM BRIGADES (AAB),https://www.un.org/securitycouncil/sanctions/1267/aq_sanctions_list/summaries/entity/abdallah-azzam-brigades-%28aab%29,23-Sep-14
QDe.145,ANSAR AL CHARIA DERNA,https://www.un.org/securitycouncil/sanctions/1267/aq_sanctions_list/summaries/entity/ansar-al-charia-derna,19-Nov-14
QDe.146,ANSAR AL CHARIA BENGHAZI,https://www.un.org/securitycouncil/sanctions/1267/aq_sanctions_list/summaries/entity/ansar-al-charia-benghazi,19-Nov-14
QDe.147,HILAL AHMAR SOCIETY INDONESIA (HASI),https://www.un.org/securitycouncil/sanctions/1267/aq_sanctions_list/summaries/entity/hilal-ahmar-society-indonesia-%28hasi%29,13-Mar-15
QDe.148,THE ARMY OF MIGRANTS AND SUPPORTERS,https://www.un.org/securitycouncil/sanctions/1267/aq_sanctions_list/summaries/entity/the-army-of-migrants-and-supporters,6-Aug-15
QDe.149,Harakat Sham al-Islam,https://www.un.org/securitycouncil/sanctions/1267/aq_sanctions_list/summaries/entity/harakat-sham-al-islam,29-Feb-16
QDe.150,Mujahidin Indonesian Timur (MIT),https://www.un.org/securitycouncil/sanctions/1267/aq_sanctions_list/summaries/entity/mujahidin-indonesian-timur-%28mit%29,29-Sep-15
QDe.151,JUND AL-KHILAFAH IN ALGERIA,https://www.un.org/securitycouncil/sanctions/1267/aq_sanctions_list/summaries/entity/jund-al-khilafah-in-algeria,29-Sep-15
QDe.152,Jamaat-ul-Ahrar (JuA),https://www.un.org/securitycouncil/sanctions/1267/aq_sanctions_list/summaries/entity/jamaat-ul-ahrar-%28jua%29,6-Jul-17
QDe.153,"HANIFA MONEY EXCHANGE OFFICE (BRANCH LOCATED IN ALBU KAMAL, SYRIAN ARAB REPUBLIC)",https://www.un.org/securitycouncil/sanctions/1267/aq_sanctions_list/summaries/entity/hanifa-money-exchange-office-%28branch-located-in,20-Jul-17
QDe.154,SELSELAT AL-THAHAB,https://www.un.org/securitycouncil/sanctions/1267/aq_sanctions_list/summaries/entity/selselat-al-thahab,20-Jul-17
QDe.155,JAYSH KHALID IBN AL WALEED,https://www.un.org/securitycouncil/sanctions/1267/aq_sanctions_list/summaries/entity/jaysh-khalid-ibn-al-waleed,20-Jul-17
QDe.156,JUND AL AQSA,https://www.un.org/securitycouncil/sanctions/1267/aq_sanctions_list/summaries/entity/jund-al-aqsa,20-Jul-17
QDe.157,AL-KAWTHAR MONEY EXCHANGE,https://www.un.org/securitycouncil/sanctions/1267/aq_sanctions_list/summaries/entity/al-kawthar-money-exchange,6-Mar-18
QDe.158,KHATIBA IMAM AL-BUKHARI (KIB),https://www.un.org/securitycouncil/sanctions/1267/aq_sanctions_list/summaries/entity/khatiba-imam-al-bukhari-%28kib%29,29-Mar-18
QDe.159,Jama'a Nusrat ul-Islam wa al-Muslimin (JNIM),https://www.un.org/securitycouncil/content/jamaa-nusrat-ul-islam-wa-al-muslimin-jnim,4-Oct-18
QDe.160,Tariq Gidar Group (TGG),https://www.un.org/securitycouncil/content/tariq-gidar-group-tgg,22-Mar-19
QDe.161,The Islamic State of Iraq and the Levant - Khorasan (ISIL - K),https://www.un.org/securitycouncil/content/islamic-state-iraq-and-levant-khorasan-isil-k,14-May-19
QDe.162,Islamic State West Africa Province (ISWAP),https://www.un.org/securitycouncil/content/islamic-state-west-africa-province-iswap-0,23-Feb-20
QDe.163,ISLAMIC STATE IN THE GREATER SAHARA (ISGS),https://www.un.org/securitycouncil/content/islamic-state-greater-sahara-isgs,23-Feb-20
QDe.164,Jamaah Ansharut Daulah,https://www.un.org/securitycouncil/content/jamaah-ansharut-daulah,4-Mar-20
QDe.165,Islamic State in Iraq and the Levant - Libya,https://www.un.org/securitycouncil/content/islamic-state-iraq-and-levant-libya,4-Mar-20
QDe.166,Islamic State in Iraq and the Levant - Yemen,https://www.un.org/securitycouncil/content/islamic-state-iraq-and-levant-yemen,4-Mar-20
QDe.167,Jund al-Khilafah in Tunisia,https://www.un.org/securitycouncil/content/jund-al-khilafah-tunisia,30-Dec-21
QDe.168,KHATIBA AL-TAWHID WAL-JIHAD (KTJ),https://www.un.org/securitycouncil/content/khatiba-al-tawhid-wal-jihad-ktj,7-Mar-22
QDe.169,"Islamic State In Iraq And the Levant In South-East Asia (ISIL-SEA, ISIL-South East Asia)",https://www.un.org/securitycouncil/content/islamic-state-iraq-and-levant-south-east-asia-isil-sea-isil-south-east-asia,27-Jan-23
QDi.001,MOHAMMED SALAHALDIN AND EL HALIM ZIDANE,https://www.un.org/securitycouncil/sanctions/1267/aq_sanctions_list/summaries/individual/sayf-al-adl,7-Sep-10
QDi.002,AMIN MUHAMMAD UL HAQ SAAM KHAN,https://www.un.org/securitycouncil/sanctions/1267/aq_sanctions_list/summaries/individual/amin-muhammad-ul-haq-saam-khan,10-Jan-11
QDi.003,SALIM AHMAD SALIM HAMDAN,https://www.un.org/securitycouncil/sanctions/1267/aq_sanctions_list/summaries/individual/salim-ahmad-salim-hamdan,7-Sep-10
QDi.006,AIMAN MUHAMMED RABI AL-ZAWAHIRI,https://www.un.org/securitycouncil/sanctions/1267/aq_sanctions_list/summaries/individual/aiman-muhammed-rabi-al-zawahiri,10-Jan-11
QDi.009,BILAL BIN MARWAN,https://www.un.org/securitycouncil/sanctions/1267/aq_sanctions_list/summaries/individual/bilal-bin-marwan,28-Mar-11
QDi.012,NASHWAN ABD AL-RAZZAQ ABD AL-BAQI,https://www.un.org/securitycouncil/sanctions/1267/aq_sanctions_list/summaries/individual/nashwan-abd-al-razzaq-abd-al-baqi,10-Jan-11
QDi.014,TARIQ ANWAR EL SAYED AHMED,https://www.un.org/securitycouncil/sanctions/1267/aq_sanctions_list/summaries/individual/tariq-anwar-el-sayed-ahmed,28-Mar-11
QDi.015,MAHFOUZ OULD AL-WALID,https://www.un.org/securitycouncil/sanctions/1267/aq_sanctions_list/summaries/individual/mahfouz-ould-al-walid,8-Jul-09
QDi.017,THARWAT SALAH SHIHATA,https://www.un.org/securitycouncil/sanctions/1267/aq_sanctions_list/summaries/individual/tharwat-salah-shihata,10-Jan-11
QDi.018,ABDUL MANAN AGHA,https://www.un.org/securitycouncil/sanctions/1267/aq_sanctions_list/summaries/individual/abdul-manan-agha,10-Jan-11
QDi.019,ABDULLAH AHMED ABDULLAH EL ALFI,https://www.un.org/securitycouncil/sanctions/1267/aq_sanctions_list/summaries/individual/abdullah-ahmed-abdullah-el-alfi,10-Jan-11
QDi.020,MOHAMMAD HAMDI MOHAMMAD SADIQ AL-AHDAL,https://www.un.org/securitycouncil/sanctions/1267/aq_sanctions_list/summaries/individual/mohammad-hamdi-mohammad-sadiq-al-ahdal,10-Jan-11
QDi.028,AHMED KHALFAN GHAILANI,https://www.un.org/securitycouncil/sanctions/1267/aq_sanctions_list/summaries/individual/ahmed-khalfan-ghailani,7-Sep-10
QDi.029,RI‚ÄôAD MUHAMMAD HASAN MUHAMMAD HIJAZI,https://www.un.org/securitycouncil/sanctions/1267/aq_sanctions_list/summaries/individual/ri%E2%80%99ad-muhammad-hasan-muhammad-hijazi,7-Sep-10
QDi.031,OMAR MAHMOUD UTHMAN,https://www.un.org/securitycouncil/sanctions/1267/aq_sanctions_list/summaries/individual/omar-mahmoud-uthman,9-Mar-09
QDi.037,ABDUL RAHMAN YASIN,https://www.un.org/securitycouncil/sanctions/1267/aq_sanctions_list/summaries/individual/abdul-rahman-yasin,7-Sep-10
QDi.042,HASSAN DAHIR AWEYS,https://www.un.org/securitycouncil/sanctions/1267/aq_sanctions_list/summaries/individual/hassan-dahir-aweys,28-Mar-11
QDi.054,MAJEED ABDUL CHAUDHRY,https://www.un.org/securitycouncil/sanctions/1267/aq_sanctions_list/summaries/individual/majeed-abdul-chaudhry,7-Sep-10
QDi.055,MAHMOOD SULTAN BASHIR-UD-DIN,https://www.un.org/securitycouncil/sanctions/1267/aq_sanctions_list/summaries/individual/mahmood-sultan-bashir-ud-din,7-Sep-10
QDi.056,MOHAMMED TUFAIL,https://www.un.org/securitycouncil/sanctions/1267/aq_sanctions_list/summaries/individual/mohammed-tufail,7-Sep-10
QDi.057,IBRAHIM ALI ABU BAKR TANTOUSH,https://www.un.org/securitycouncil/sanctions/1267/aq_sanctions_list/summaries/individual/ibrahim-ali-abu-bakr-tantoush,28-Mar-11
QDi.058,BOUBEKEUR BOULGHITI,https://www.un.org/securitycouncil/sanctions/1267/aq_sanctions_list/summaries/individual/abu-bakr-al-jaziri,8-Jul-09
QDi.059,KHALID ABD AL-RAHMAN HAMD AL-FAWAZ,https://www.un.org/securitycouncil/sanctions/1267/aq_sanctions_list/summaries/individual/khalid-abd-al-rahman-hamd-al-fawaz,19-Nov-10
QDi.060,MOHAMED BEN BELGACEM BEN ABDALLAH AL-AOUADI,https://www.un.org/securitycouncil/sanctions/1267/aq_sanctions_list/summaries/individual/mohamed-ben-belgacem-ben-abdallah-al-aouadi,4-Jan-11
QDi.062,MOHAMED LAKHAL,https://www.un.org/securitycouncil/sanctions/1267/aq_sanctions_list/summaries/individual/mohamed-lakhal,4-Jan-11
QDi.064,SAMI BEN KHAMIS BEN SALEH ELSSEID,https://www.un.org/securitycouncil/sanctions/1267/aq_sanctions_list/summaries/individual/sami-ben-khamis-ben-saleh-elsseid,4-Jan-11
QDi.065,ABD EL KADER MAHMOUD MOHAMED EL SAYED,https://www.un.org/securitycouncil/sanctions/1267/aq_sanctions_list/summaries/individual/abd-el-kader-mahmoud-mohamed-el-sayed,28-Mar-11
QDi.067,MOSTAFA KAMEL MOSTAFA IBRAHIM,https://www.un.org/securitycouncil/sanctions/1267/aq_sanctions_list/summaries/individual/mostafa-kamel-mostafa-ibrahim,19-Nov-10
QDi.068,ADEL BEN AL-AZHAR BEN YOUSSEF HAMDI,https://www.un.org/securitycouncil/sanctions/1267/aq_sanctions_list/summaries/individual/adel-ben-al-azhar-ben-youssef-hamdi,4-Jan-11
QDi.070,YASSINE CHEKKOURI,https://www.un.org/securitycouncil/sanctions/1267/aq_sanctions_list/summaries/individual/yassine-chekkouri,4-Jan-11
QDi.072,MEHDI BEN MOHAMED BEN MOHAMED KAMMOUN,https://www.un.org/securitycouncil/sanctions/1267/aq_sanctions_list/summaries/individual/mehdi-ben-mohamed-ben-mohamed-kammoun,4-Jan-11
QDi.074,TAREK BEN HABIB BEN AL-TOUMI AL-MAAROUFI,https://www.un.org/securitycouncil/sanctions/1267/aq_sanctions_list/summaries/individual/tarek-ben-habib-ben-al-toumi-al-maaroufi,4-Jan-11
QDi.075,ABDELHALIM HAFED ABDELFATTAH REMADNA,https://www.un.org/securitycouncil/sanctions/1267/aq_sanctions_list/summaries/individual/abdelhalim-hafed-abdelfattah-remadna,24-Nov-09
QDi.076,ISAM ALI MOHAMED ALOUCHE,https://www.un.org/securitycouncil/sanctions/1267/aq_sanctions_list/summaries/individual/isam-ali-mohamed-alouche,4-Jan-11
QDi.080,SAID BAHAJI,https://www.un.org/securitycouncil/sanctions/1267/aq_sanctions_list/summaries/individual/said-bahaji,16-Sep-09
QDi.081,RAMZI MOHAMED ABDULLAH BINALSHIBH,https://www.un.org/securitycouncil/sanctions/1267/aq_sanctions_list/summaries/individual/ramzi-mohamed-abdullah-binalshibh,16-Sep-09
QDi.082,MOUNIR EL MOTASSADEQ,https://www.un.org/securitycouncil/sanctions/1267/aq_sanctions_list/summaries/individual/mounir-el-motassadeq,26-Aug-09
QDi.083,ZAKARYA ESSABAR,https://www.un.org/securitycouncil/sanctions/1267/aq_sanctions_list/summaries/individual/zakarya-essabar,26-Aug-09
QDi.086,MOHAMAD IQBAL ABDURRAHMAN,https://www.un.org/securitycouncil/sanctions/1267/aq_sanctions_list/summaries/individual/mohamad-iqbal-abdurrahman,30-Oct-09
QDi.087,NURJAMAN RIDUAN ISAMUDDIN,https://www.un.org/securitycouncil/sanctions/1267/aq_sanctions_list/summaries/individual/nurjaman-riduan-isamuddin,28-Mar-11
QDi.092,MEHREZ BEN MAHMOUD BEN SASSI AL-AMDOUNI,https://www.un.org/securitycouncil/sanctions/1267/aq_sanctions_list/summaries/individual/mehrez-ben-mahmoud-ben-sassi-al-amdouni,25-Jan-10
QDi.095,LIONEL DUMONT,https://www.un.org/securitycouncil/sanctions/1267/aq_sanctions_list/summaries/individual/lionel-dumont,28-Mar-11
QDi.096,MOUSSA BEN OMAR BEN ALI ESSAADI,https://www.un.org/securitycouncil/sanctions/1267/aq_sanctions_list/summaries/individual/moussa-ben-omar-ben-ali-essaadi,28-Mar-11
QDi.111,AGUS DWIKARNA,https://www.un.org/securitycouncil/sanctions/1267/aq_sanctions_list/summaries/individual/agus-dwikarna,23-Feb-10
QDi.114,SALIM Y SALAMUDDIN JULKIPLI,https://www.un.org/securitycouncil/sanctions/1267/aq_sanctions_list/summaries/individual/salim-y-salamuddin-julkipli,28-Mar-11
QDi.119,ARIS MUNANDAR,https://www.un.org/securitycouncil/sanctions/1267/aq_sanctions_list/summaries/individual/aris-munandar,23-Jul-09
QDi.120,ABDUL HAKIM MURAD,https://www.un.org/securitycouncil/sanctions/1267/aq_sanctions_list/summaries/individual/abdul-hakim-murad,28-Mar-11
QDi.122,PARLINDUNGAN SIREGAR,https://www.un.org/securitycouncil/sanctions/1267/aq_sanctions_list/summaries/individual/parlindungan-siregar,23-Feb-10
QDi.123,YASSIN SYAWAL,https://www.un.org/securitycouncil/sanctions/1267/aq_sanctions_list/summaries/individual/yassin-syawal,23-Feb-10
QDi.124,YAZID SUFAAT,https://www.un.org/securitycouncil/sanctions/1267/aq_sanctions_list/summaries/individual/yazid-sufaat,21-May-09
QDi.126,YUNOS UMPARA MOKLIS,https://www.un.org/securitycouncil/sanctions/1267/aq_sanctions_list/summaries/individual/yunos-umpara-moklis,23-Feb-10
QDi.129,DJAMEL MOUSTFA,https://www.un.org/securitycouncil/sanctions/1267/aq_sanctions_list/summaries/individual/djamel-moustfa,14-Dec-09
QDi.135,DAWOOD IBRAHIM KASKAR,https://www.un.org/securitycouncil/sanctions/1267/aq_sanctions_list/summaries/individual/dawood-ibrahim-kaskar,7-Oct-11
QDi.136,MOKHTAR BELMOKHTAR,https://www.un.org/securitycouncil/sanctions/1267/aq_sanctions_list/summaries/individual/mokhtar-belmokhtar,8-Jul-09
QDi.139,IMED BEN MEKKI ZARKAOUI,https://www.un.org/securitycouncil/sanctions/1267/aq_sanctions_list/summaries/individual/imed-ben-mekki-zarkaoui,28-Mar-11
QDi.140,KAMAL BEN MAOELDI BEN HASSAN AL-HAMRAOUI,https://www.un.org/securitycouncil/sanctions/1267/aq_sanctions_list/summaries/individual/kamal-ben-maoeldi-ben-hassan-al-hamraoui,8-Apr-11
QDi.141,MAXAMED CABDULLAAH CIISE,https://www.un.org/securitycouncil/sanctions/1267/aq_sanctions_list/summaries/individual/maxamed-cabdullaah-ciise,7-Sep-10
QDi.142,RADI ABD EL SAMIE ABOU EL YAZID EL AYASHI,https://www.un.org/securitycouncil/sanctions/1267/aq_sanctions_list/summaries/individual/radi-abd-el-samie-abou-el-yazid-el-ayashi,7-Sep-10
QDi.143,HAMADI BEN ABDUL AZIZ BEN ALI BOUYEHIA,https://www.un.org/securitycouncil/sanctions/1267/aq_sanctions_list/summaries/individual/hamadi-ben-abdul-aziz-ben-ali-bouyehia,8-Apr-11
QDi.144,MOHAMMAD TAHIR HAMMID HUSSEIN,https://www.un.org/securitycouncil/sanctions/1267/aq_sanctions_list/summaries/individual/mohammad-tahir-hammid,8-Apr-11
QDi.147,MOHAMED AMIN MOSTAFA,https://www.un.org/securitycouncil/sanctions/1267/aq_sanctions_list/summaries/individual/mohamed-amin-mostafa,28-Feb-11
QDi.149,NOUREDDINE BEN ALI BEN BELKASSEM AL-DRISSI,https://www.un.org/securitycouncil/sanctions/1267/aq_sanctions_list/summaries/individual/noureddine-ben-ali-ben-belkassem-al-drissi,27-Jan-10
QDi.150,AL-AZHAR BEN KHALIFA BEN AHMED ROUINE,https://www.un.org/securitycouncil/sanctions/1267/aq_sanctions_list/summaries/individual/al-azhar-ben-khalifa-ben-ahmed-rouine,8-Apr-11
QDi.152,SAIFI AMMARI,https://www.un.org/securitycouncil/sanctions/1267/aq_sanctions_list/summaries/individual/saifi-ammari,7-Sep-10
QDi.154,SULAIMAN JASSEM SULAIMAN ALI ABO GHAITH,https://www.un.org/securitycouncil/sanctions/1267/aq_sanctions_list/summaries/individual/sulaiman-jassem-sulaiman-ali-abo-ghaith,16-Sep-09
QDi.155,DJAMEL LOUNICI,https://www.un.org/securitycouncil/sanctions/1267/aq_sanctions_list/summaries/individual/djamel-lounici,26-Aug-09
QDi.156,ABD-AL-MAJID AZIZ AL-ZINDANI,https://www.un.org/securitycouncil/sanctions/1267/aq_sanctions_list/summaries/individual/abd-al-majid-aziz-al-zindani,23-Jul-09
QDi.167,KAMEL DJERMANE,https://www.un.org/securitycouncil/sanctions/1267/aq_sanctions_list/summaries/individual/kamel-djermane,16-Sep-09
QDi.177,HABIB BEN AHMED AL-LOUBIRI,https://www.un.org/securitycouncil/sanctions/1267/aq_sanctions_list/summaries/individual/habib-ben-ahmed-al-loubiri,23-Feb-10
QDi.184,MUHSIN FADHIL AYED ASHOUR AL-FADHLI,https://www.un.org/securitycouncil/sanctions/1267/aq_sanctions_list/summaries/individual/muhsin-fadhil-ayed-ashour-al-fadhli,24-Jan-11
QDi.186,ABU RUSDAN,https://www.un.org/securitycouncil/sanctions/1267/aq_sanctions_list/summaries/individual/abu-rusdan,30-Oct-09
QDi.187,ARIS SUMARSONO,https://www.un.org/securitycouncil/sanctions/1267/aq_sanctions_list/summaries/individual/zulkarnaen,26-Aug-09
QDi.188,FAYCAL BOUGHANEMI,https://www.un.org/securitycouncil/sanctions/1267/aq_sanctions_list/summaries/individual/faycal-boughanemi,7-May-09
QDi.190,ABDELKADER LAAGOUB,https://www.un.org/securitycouncil/sanctions/1267/aq_sanctions_list/summaries/individual/abdelkader-laagoub,7-May-09
QDi.192,ABD ALLAH MOHAMED RAGAB ABDEL RAHMAN,https://www.un.org/securitycouncil/sanctions/1267/aq_sanctions_list/summaries/individual/abd-allah-mohamed-ragab-abdel-rahman,8-Apr-11
QDi.193,ZAKI EZAT ZAKI AHMED,https://www.un.org/securitycouncil/sanctions/1267/aq_sanctions_list/summaries/individual/zaki-ezat-zaki-ahmed,8-Apr-11
QDi.196,ALI SAYYID MUHAMED MUSTAFA BAKRI,https://www.un.org/securitycouncil/sanctions/1267/aq_sanctions_list/summaries/individual/ali-sayyid-muhamed-mustafa-bakri,8-Apr-11
QDi.198,HANI AL-SAYYID AL-SEBAI YUSIF,https://www.un.org/securitycouncil/sanctions/1267/aq_sanctions_list/summaries/individual/hani-al-sayyid-al-sebai-yusif,7-Sep-10
QDi.203,FARHAD KANABI AHMAD,https://www.un.org/securitycouncil/sanctions/1267/aq_sanctions_list/summaries/individual/farhad-kanabi-ahmad,16-Sep-09
QDi.204,ISNILON TOTONI HAPILON,https://www.un.org/securitycouncil/sanctions/1267/aq_sanctions_list/summaries/individual/isnilon-totoni-hapilon,26-Aug-09
QDi.208,RADULAN SAHIRON,https://www.un.org/securitycouncil/sanctions/1267/aq_sanctions_list/summaries/individual/radulan-sahiron,26-Aug-09
QDi.216,ABDULLAH ANSHORI,https://www.un.org/securitycouncil/sanctions/1267/aq_sanctions_list/summaries/individual/abdullah-anshori,7-Sep-10
QDi.217,ABU BAKAR BA'ASYIR,https://www.un.org/securitycouncil/sanctions/1267/aq_sanctions_list/summaries/individual/abu-bakar-ba%27asyir,8-Apr-11
QDi.218,GUN GUN RUSMAN GUNAWAN,https://www.un.org/securitycouncil/sanctions/1267/aq_sanctions_list/summaries/individual/gun-gun-rusman-gunawan,8-Apr-11
QDi.219,TAUFIK RIFKI,https://www.un.org/securitycouncil/sanctions/1267/aq_sanctions_list/summaries/individual/taufik-rifki,8-Apr-11
QDi.222,NESSIM BEN ROMDHANE SAHRAOUI,https://www.un.org/securitycouncil/sanctions/1267/aq_sanctions_list/summaries/individual/nessim-ben-romdhane-sahraoui,14-Sep-09
QDi.223,MERAI ABDEFATTAH KHALIL ZOGHBI,https://www.un.org/securitycouncil/sanctions/1267/aq_sanctions_list/summaries/individual/merai-abdefattah-khalil-zoghbi,7-May-09
QDi.226,NAJMUDDIN FARAJ AHMAD,https://www.un.org/securitycouncil/sanctions/1267/aq_sanctions_list/summaries/individual/najmuddin-faraj-ahmad,8-Apr-11
QDi.228,MOHAMMED AL GHABRA,https://www.un.org/securitycouncil/sanctions/1267/aq_sanctions_list/summaries/individual/mohammed-al-ghabra,30-Oct-09
QDi.229,ALY SOLIMAN MASSOUD ABDUL SAYED,https://www.un.org/securitycouncil/sanctions/1267/aq_sanctions_list/summaries/individual/aly-soliman-massoud-abdul-sayed,6-Apr-09
QDi.231,SALEM NOR ELDIN AMOHAMED AL-DABSKI,https://www.un.org/securitycouncil/sanctions/1267/aq_sanctions_list/summaries/individual/salem-nor-eldin-amohamed-al-dabski,6-Apr-09
QDi.232,ABDELMALEK DROUKDEL,https://www.un.org/securitycouncil/sanctions/1267/aq_sanctions_list/summaries/individual/abdelmalek-droukdel,15-Jun-09
QDi.236,HAMID ABDALLAH AHMAD AL-ALI,https://www.un.org/securitycouncil/sanctions/1267/aq_sanctions_list/summaries/individual/hamid-abdallah-ahmad-al-ali,6-Apr-09
QDi.237,JABER ABDALLAH JABER AHMAD AL-JALAHMAH,https://www.un.org/securitycouncil/sanctions/1267/aq_sanctions_list/summaries/individual/jaber-abdallah-jaber-ahmad-al-jalahmah,3-Jan-14
QDi.238,MUBARAK MUSHAKHAS SANAD MUBARAK AL-BATHALI,https://www.un.org/securitycouncil/sanctions/1267/aq_sanctions_list/summaries/individual/mubarak-mushakhas-sanad-mubarak-al-bathali,6-Apr-09
QDi.241,ANGELO RAMIREZ TRINIDAD,https://www.un.org/securitycouncil/sanctions/1267/aq_sanctions_list/summaries/individual/angelo-ramirez-trinidad,7-May-09
QDi.242,DINNO AMOR ROSALEJOS PAREJA,https://www.un.org/securitycouncil/sanctions/1267/aq_sanctions_list/summaries/individual/dinno-amor-rosalejos-pareja,7-May-09
QDi.243,FELICIANO SEMBORIO DELOS REYES JR.,https://www.un.org/securitycouncil/sanctions/1267/aq_sanctions_list/summaries/individual/feliciano-semborio-delos-reyes-jr.,7-May-09
QDi.244,HILARION DEL ROSARIO SANTOS III,https://www.un.org/securitycouncil/sanctions/1267/aq_sanctions_list/summaries/individual/hilarion-del-rosario-santos,7-May-09
QDi.245,PIO ABOGNE DE VERA,https://www.un.org/securitycouncil/sanctions/1267/aq_sanctions_list/summaries/individual/pio-abogne-de-vera,7-May-09
QDi.246,REDENDO CAIN DELLOSA,https://www.un.org/securitycouncil/sanctions/1267/aq_sanctions_list/summaries/individual/redendo-cain-dellosa,7-May-09
QDi.247,"RUBEN PESTANO LAVILLA, JR.",https://www.un.org/securitycouncil/sanctions/1267/aq_sanctions_list/summaries/individual/ruben-pestano-lavilla%2C-jr.,7-May-09
QDi.248,RICARDO PEREZ AYERAS,https://www.un.org/securitycouncil/sanctions/1267/aq_sanctions_list/summaries/individual/ricardo-perez-ayeras,7-May-09
QDi.249,YAHIA DJOUADI,https://www.un.org/securitycouncil/sanctions/1267/aq_sanctions_list/summaries/individual/yahia-djouadi,28-Jan-09
QDi.250,AMOR MOHAMED GHEDEIR,https://www.un.org/securitycouncil/sanctions/1267/aq_sanctions_list/summaries/individual/amor-mohamed-ghedeir,28-Jan-09
QDi.251,SALAH EDDINE GASMI,https://www.un.org/securitycouncil/sanctions/1267/aq_sanctions_list/summaries/individual/salah-eddine-gasmi,28-Jan-09
QDi.252,AHMED DEGHDEGH,https://www.un.org/securitycouncil/sanctions/1267/aq_sanctions_list/summaries/individual/ahmed-deghdegh,28-Jan-09
QDi.261,ADEM YILMAZ,https://www.un.org/securitycouncil/sanctions/1267/aq_sanctions_list/summaries/individual/adem-yilmaz,9-Mar-09
QDi.262,REDOUANE EL HABHAB,https://www.un.org/securitycouncil/sanctions/1267/aq_sanctions_list/summaries/individual/redouane-el-habhab,9-Mar-09
QDi.263,HAFIZ MUHAMMAD SAEED,https://www.un.org/securitycouncil/sanctions/1267/aq_sanctions_list/summaries/individual/hafiz-muhammad-saeed,9-Mar-09
QDi.264,ZAKI-UR-REHMAN LAKHVI,https://www.un.org/securitycouncil/sanctions/1267/aq_sanctions_list/summaries/individual/zaki-ur-rehman-lakhvi,9-Mar-09
QDi.265,HAJI MUHAMMAD ASHRAF,https://www.un.org/securitycouncil/sanctions/1267/aq_sanctions_list/summaries/individual/haji-muhammad-ashraf,9-Mar-09
QDi.266,MAHMOUD MOHAMMAD AHMED BAHAZIQ,https://www.un.org/securitycouncil/sanctions/1267/aq_sanctions_list/summaries/individual/mahmoud-mohammad-ahmed-bahaziq,9-Mar-09
QDi.268,ABDUL HAQ,https://www.un.org/securitycouncil/sanctions/1267/aq_sanctions_list/summaries/individual/abdul-haq,13-Aug-09
QDi.271,ARIF QASMANI,https://www.un.org/securitycouncil/sanctions/1267/aq_sanctions_list/summaries/individual/arif-qasmani,14-Sep-09
QDi.272,MOHAMMED YAHYA MUJAHID,https://www.un.org/securitycouncil/sanctions/1267/aq_sanctions_list/summaries/individual/mohammed-yahya-mujahid,14-Sep-09
QDi.273,FAZEEL-A-TUL SHAYKH ABU MOHAMMED AMEEN AL-PESHAWARI,https://www.un.org/securitycouncil/sanctions/1267/aq_sanctions_list/summaries/individual/fazeel-a-tul-shaykh-abu-mohammed-ameen-al,14-Sep-09
QDi.276,AKRAM TURKI HISHAN AL-MAZIDIH,https://www.un.org/securitycouncil/sanctions/1267/aq_sanctions_list/summaries/individual/akram-turki-hishan-al-mazidih,11-Mar-10
QDi.277,GHAZY FEZZA HISHAN AL-MAZIDIH,https://www.un.org/securitycouncil/sanctions/1267/aq_sanctions_list/summaries/individual/ghazy-fezza-hishan-al-mazidih,11-Mar-10
QDi.278,MUTHANNA HARITH AL-DARI,https://www.un.org/securitycouncil/sanctions/1267/aq_sanctions_list/summaries/individual/muthanna-harith-al-dari,25-Mar-10
QDi.279,MOHAMED BELKALEM,https://www.un.org/securitycouncil/sanctions/1267/aq_sanctions_list/summaries/individual/mohamed-belkalem,22-Apr-10
QDi.280,TAYEB NAIL,https://www.un.org/securitycouncil/sanctions/1267/aq_sanctions_list/summaries/individual/tayeb-nail,22-Apr-10
QDi.282,QASIM YAHYA MAHDI AL-RIMI,https://www.un.org/securitycouncil/sanctions/1267/aq_sanctions_list/summaries/individual/qasim-yahya-mahdi-al-rimi,11-May-10
QDi.283,ANWAR NASSER ABDULLA AL-AULAQI,https://www.un.org/securitycouncil/sanctions/1267/aq_sanctions_list/summaries/individual/anwar-nasser-abdulla-al-aulaqi,20-Jul-10
QDi.289,SAID JAN ‚ÄòABD AL-SALAM,https://www.un.org/securitycouncil/sanctions/1267/aq_sanctions_list/summaries/individual/said-jan-%E2%80%98abd-al-salam,9-Feb-11
QDi.290,DOKU KHAMATOVICH UMAROV,https://www.un.org/securitycouncil/sanctions/1267/aq_sanctions_list/summaries/individual/doku-khamatovich-umarov,10-Mar-11
QDi.291,IBRAHIM HASSAN TALI AL-ASIRI,https://www.un.org/securitycouncil/sanctions/1267/aq_sanctions_list/summaries/individual/ibrahim-hassan-tali-al-asiri,24-Mar-11
QDi.292,OTHMAN AHMED OTHMAN AL-GHAMDI,https://www.un.org/securitycouncil/sanctions/1267/aq_sanctions_list/summaries/individual/othman-ahmed-othman-al-ghamdi,16-Jun-11
QDi.293,ABDUL RAHIM BA‚ÄôASYIR,https://www.un.org/securitycouncil/sanctions/1267/aq_sanctions_list/summaries/individual/abdul-rahim-ba%E2%80%99asyir,19-Jul-11
QDi.294,UMAR PATEK,https://www.un.org/securitycouncil/sanctions/1267/aq_sanctions_list/summaries/individual/umar-patek,19-Jul-11
QDi.295,MUHAMMAD JIBRIL ABDUL RAHMAN,https://www.un.org/securitycouncil/sanctions/1267/aq_sanctions_list/summaries/individual/muhammad-jibril-abdul-rahman,12-Aug-11
QDi.296,MATI UR-REHMAN ALI MUHAMMAD,https://www.un.org/securitycouncil/sanctions/1267/aq_sanctions_list/summaries/individual/mati-ur-rehman-ali-muhammad,22-Aug-11
QDi.298,ABD AL-RAHMAN OULD MUHAMMAD AL-HUSAYN OULD MUHAMMAD SALIM,https://www.un.org/securitycouncil/sanctions/1267/aq_sanctions_list/summaries/individual/abd-al-rahman-ould-muhammad-al-husayn-ould,15-Sep-11
QDi.299,IBRAHIM AWWAD IBRAHIM ALI AL-BADRI AL-SAMARRAI,https://www.un.org/securitycouncil/sanctions/1267/aq_sanctions_list/summaries/individual/ibrahim-awwad-ibrahim-ali-al-badri-al-samarrai,5-Oct-11
QDi.300,MONIR CHOUKA,https://www.un.org/securitycouncil/sanctions/1267/aq_sanctions_list/summaries/individual/monir-chouka,25-Jan-12
QDi.301,YASSIN CHOUKA,https://www.un.org/securitycouncil/sanctions/1267/aq_sanctions_list/summaries/individual/yassin-chouka,25-Jan-12
QDi.303,FAZAL RAHIM,https://www.un.org/securitycouncil/sanctions/1267/aq_sanctions_list/summaries/individual/fazal-rahim,6-Mar-12
QDi.304,MOCHAMMAD ACHWAN,https://www.un.org/securitycouncil/sanctions/1267/aq_sanctions_list/summaries/individual/mochammad-achwan,12-Mar-12
QDi.305,ABDUL ROSYID RIDHO BA‚ÄôASYIR,https://www.un.org/securitycouncil/sanctions/1267/aq_sanctions_list/summaries/individual/abdul-rosyid-ridho-ba%E2%80%99asyir,12-Mar-12
QDi.306,MUSTAFA HAJJI MUHAMMAD KHAN,https://www.un.org/securitycouncil/sanctions/1267/aq_sanctions_list/summaries/individual/mustafa-hajji-muhammad-khan,14-Mar-11
QDi.307,HAFIZ ABDUL SALAM BHUTTAVI,https://www.un.org/securitycouncil/sanctions/1267/aq_sanctions_list/summaries/individual/hafiz-abdul-salam-bhuttavi,14-Mar-12
QDi.308,ZAFAR IQBAL,https://www.un.org/securitycouncil/sanctions/1267/aq_sanctions_list/summaries/individual/zafar-iqbal,14-Mar-12
QDi.309,ABDUR REHMAN,https://www.un.org/securitycouncil/sanctions/1267/aq_sanctions_list/summaries/individual/abdur-rehman,14-Mar-11
QDi.311,AYYUB BASHIR,https://www.un.org/securitycouncil/sanctions/1267/aq_sanctions_list/summaries/individual/ayyub-bashir,18-Oct-12
QDi.312,AAMIR ALI CHAUDHRY,https://www.un.org/securitycouncil/sanctions/1267/aq_sanctions_list/summaries/individual/aamir-ali-chaudhry,18-Oct-12
QDi.313,DJAMEL AKKACHA,https://www.un.org/securitycouncil/sanctions/1267/aq_sanctions_list/summaries/individual/djamel-akkacha,5-Feb-13
QDi.314,ABDERRAHMANE OULD EL AMAR,https://www.un.org/securitycouncil/sanctions/1267/aq_sanctions_list/summaries/individual/abderrahmane-ould-el-amar,22-Feb-13
QDi.315,HAMADA OULD MOHAMED EL KHAIRY,https://www.un.org/securitycouncil/sanctions/1267/aq_sanctions_list/summaries/individual/hamada-ould-mohamed-el-khairy,22-Feb-13
QDi.316,IYAD AG GHALI,https://www.un.org/securitycouncil/sanctions/1267/aq_sanctions_list/summaries/individual/iyad-ag-ghali,25-Feb-13
QDi.317,ABU MOHAMMED AL-JAWLANI,https://www.un.org/securitycouncil/sanctions/1267/aq_sanctions_list/summaries/individual/abu-mohammed-al-jawlani,24-Jul-13
QDi.318,MUHAMMAD JAMAL ABD-AL RAHIM AHMAD AL-KASHIF,https://www.un.org/securitycouncil/sanctions/1267/aq_sanctions_list/summaries/individual/muhammad-jamal-abd-al-rahim-ahmad-al-kashif,21-Oct-13
QDi.319,MOHAMED LAHBOUS,https://www.un.org/securitycouncil/sanctions/1267/aq_sanctions_list/summaries/individual/mohamed-lahbous,24-Oct-13
QDi.320,ABD-AL-HAMID AL-MASLI,https://www.un.org/securitycouncil/sanctions/1267/aq_sanctions_list/summaries/individual/abd-al-hamid-al-masli,26-Nov-13
QDi.322,ABUBAKAR MOHAMMED SHEKAU,https://www.un.org/securitycouncil/sanctions/1267/aq_sanctions_list/summaries/individual/abubakar-mohammed-shekau,26-Jun-14
QDi.323,SAID ARIF,https://www.un.org/securitycouncil/sanctions/1267/aq_sanctions_list/summaries/individual/said-arif,15-Aug-14
QDi.324,ABDUL MOHSEN ABDALLAH IBRAHIM AL CHAREKH,https://www.un.org/securitycouncil/sanctions/1267/aq_sanctions_list/summaries/individual/abdul-mohsen-abdallah-ibrahim-al-charekh,15-Aug-14
QDi.325,ABOU MOHAMED AL ADNANI,https://www.un.org/securitycouncil/sanctions/1267/aq_sanctions_list/summaries/individual/abou-mohamed-al-adnani,15-Aug-14
QDi.326,HAMID HAMAD HAMID AL-‚ÄòALI,https://www.un.org/securitycouncil/sanctions/1267/aq_sanctions_list/summaries/individual/hamid-hamad-hamid-al-%E2%80%98ali,15-Aug-14
QDi.327,ABDELRAHMAN MOUHAMAD ZAFIR AL DABIDI AL JAHANI,https://www.un.org/securitycouncil/sanctions/1267/aq_sanctions_list/summaries/individual/abdelrahman-mouhamad-zafir-al-dabidi-al-jahani,15-Aug-14
QDi.328,HAJJAJ BIN FAHD AL AJMI,https://www.un.org/securitycouncil/sanctions/1267/aq_sanctions_list/summaries/individual/hajjaj-bin-fahd-al-ajmi,15-Aug-14
QDi.329,AHMED ABDULLAH SALEH AL-KHAZMARI AL-ZAHRANI,https://www.un.org/securitycouncil/sanctions/1267/aq_sanctions_list/summaries/individual/ahmed-abdullah-saleh-al-khazmari-al-zahrani,23-Sep-14
QDi.330,AZZAM ABDULLAH ZUREIK AL-MAULID AL-SUBHI,https://www.un.org/securitycouncil/sanctions/1267/aq_sanctions_list/summaries/individual/azzam-abdullah-zureik-al-maulid-al-subhi,23-Sep-14
QDi.331,ANDERS CAMEROON OSTENSVIG DALE,https://www.un.org/securitycouncil/sanctions/1267/aq_sanctions_list/summaries/individual/anders-cameroon-ostensvig-dale,23-Sep-14
QDi.332,IBRAHIM SULEIMAN HAMAD AL-HABLAIN,https://www.un.org/securitycouncil/sanctions/1267/aq_sanctions_list/summaries/individual/ibrahim-suleiman-hamad-al-hablain,23-Sep-14
QDi.333,SEIFALLAH BEN OMAR BEN MOHAMED BEN HASSINE,https://www.un.org/securitycouncil/sanctions/1267/aq_sanctions_list/summaries/individual/seifallah-ben-omar-ben-mohamed-ben-hassine,23-Sep-14
QDi.334,'ABD AL-RAHMAN BIN 'UMAYR AL-NU'AYMI,https://www.un.org/securitycouncil/sanctions/1267/aq_sanctions_list/summaries/individual/%27abd-al-rahman-bin-%27umayr-al-nu%27aymi,23-Sep-14
QDi.335,‚ÄòABD AL-RAHMAN KHALAF ‚ÄòUBAYD JUDAY‚Äô AL-‚ÄòANIZI,https://www.un.org/securitycouncil/sanctions/1267/aq_sanctions_list/summaries/individual/%E2%80%98abd-al-rahman-khalaf-%E2%80%98ubayd-juday%E2%80%99-al-%E2%80%98anizi,23-Sep-14
QDi.336,ANAS HASAN KHATTAB,https://www.un.org/securitycouncil/sanctions/1267/aq_sanctions_list/summaries/individual/anas-hasan-khattab,23-Sep-14
QDi.337,MAYSAR ALI MUSA ABDALLAH AL-JUBURI,https://www.un.org/securitycouncil/sanctions/1267/aq_sanctions_list/summaries/individual/maysar-ali-musa-abdallah-al-juburi,23-Sep-14
QDi.338,SHAFI SULTAN MOHAMMED AL-AJMI,https://www.un.org/securitycouncil/sanctions/1267/aq_sanctions_list/summaries/individual/shafi-sultan-mohammed-al-ajmi,23-Sep-14
QDi.339,‚ÄòABD AL-RAHMAN MUHAMMAD MUSTAFA AL-QADULI,https://www.un.org/securitycouncil/sanctions/1267/aq_sanctions_list/summaries/individual/%E2%80%98abd-al-rahman-muhammad-mustafa-al-qaduli,23-Sep-14
QDi.340,EMILIE KONIG,https://www.un.org/securitycouncil/sanctions/1267/aq_sanctions_list/summaries/individual/emilie-konig,23-Sep-14
QDi.341,Kevin Jordan Axel Guiavarch,https://www.un.org/securitycouncil/sanctions/1267/aq_sanctions_list/summaries/individual/kevin-jordan-axel-guiavarch,23-Sep-14
QDi.342,OUMAR DIABY,https://www.un.org/securitycouncil/sanctions/1267/aq_sanctions_list/summaries/individual/oumar-diaby,23-Sep-14
QDi.343,ASHRAF MUHAMMAD YUSUF 'UTHMAN 'ABD AL-SALAM,https://www.un.org/securitycouncil/sanctions/1267/aq_sanctions_list/summaries/individual/ashraf-muhammad-yusuf-%27uthman-%27abd-al-salam,23-Jan-15
QDi.344,IBRAHIM ‚ÄòISA HAJJI MUHAMMAD AL-BAKR,https://www.un.org/securitycouncil/sanctions/1267/aq_sanctions_list/summaries/individual/ibrahim-%E2%80%98isa-hajji-muhammad-al-bakr,23-Jan-15
QDi.345,TARKHAN TAYUMURAZOVICH BATIRASHVILI,https://www.un.org/securitycouncil/sanctions/1267/aq_sanctions_list/summaries/individual/tarkhan-tayumurazovich-batirashvili,23-Jan-15
QDi.348,ANGGA DIMAS PERSHADA,https://www.un.org/securitycouncil/sanctions/1267/aq_sanctions_list/summaries/individual/angga-dimas-pershada,13-Mar-15
QDi.349,BAMBANG SUKIRNO,https://www.un.org/securitycouncil/sanctions/1267/aq_sanctions_list/summaries/individual/bambang-sukirno,13-Mar-15
QDi.350,WIJI JOKO SANTOSO,https://www.un.org/securitycouncil/sanctions/1267/aq_sanctions_list/summaries/individual/wiji-joko-santoso,13-Mar-15
QDi.352,MAULANA FAZLULLAH,https://www.un.org/securitycouncil/sanctions/1267/aq_sanctions_list/summaries/individual/maulana-fazlullah,7-Apr-15
QDi.387,Mohammed Abdel-Halim Hemaida Saleh,https://www.un.org/securitycouncil/sanctions/1267/aq_sanctions_list/summaries/individual/mohammed-abdel-halim-hemaida-saleh,29-Feb-16
QDi.388,Salim Benghalem,https://www.un.org/securitycouncil/sanctions/1267/aq_sanctions_list/summaries/individual/salim-benghalem,29-Feb-16
QDi.389,Abu Ubaydah Yusuf al-Anabi,https://www.un.org/securitycouncil/sanctions/1267/aq_sanctions_list/summaries/individual/abu-ubaydah-yusuf-al-anabi,29-Feb-16
QDi.392,Faysal Ahmad Bin Ali Al-Zahrani,https://www.un.org/securitycouncil/sanctions/1267/aq_sanctions_list/summaries/individual/faysal-ahmad-bin-ali-al-zahrani,20-Apr-16
QDi.394,Husayn Juaythini,https://www.un.org/securitycouncil/sanctions/1267/aq_sanctions_list/summaries/individual/husayn-juaythini,20-Apr-16
QDi.395,Muhammad Sholeh Ibrahim,https://www.un.org/securitycouncil/sanctions/1267/aq_sanctions_list/summaries/individual/muhammad-sholeh-ibrahim,20-Apr-16
QDi.396,Aslan Avgazarovich Byutukaev,https://www.un.org/securitycouncil/sanctions/1267/aq_sanctions_list/summaries/individual/aslan-avgazarovich-byutukaev,3-Aug-16
QDi.397,Ayrat Nasimovich Vakhitov,https://www.un.org/securitycouncil/sanctions/1267/aq_sanctions_list/summaries/individual/ayrat-nasimovich-vakhitov,3-Aug-16
QDi.398,Rustam Magomedovich Aselderov,https://www.un.org/securitycouncil/sanctions/1267/aq_sanctions_list/summaries/individual/rustam-magomedovich-aselderov,12-Dec-16
QDi.399,Bassam Ahmad al-Hasri,https://www.un.org/securitycouncil/sanctions/1267/aq_sanctions_list/summaries/individual/bassam-ahmad-al-hasri,22-Feb-17
QDi.400,IYAD NAZMI SALIH KHALIL,https://www.un.org/securitycouncil/sanctions/1267/aq_sanctions_list/summaries/individual/iyad-nazmi-salih-khalil,22-Feb-17
QDi.401,Ghalib Abdullah al-Zaidi,https://www.un.org/securitycouncil/sanctions/1267/aq_sanctions_list/summaries/individual/ghalib-abdullah-al-zaidi,22-Feb-17
QDi.403,FARED SAAL,https://www.un.org/securitycouncil/sanctions/1267/aq_sanctions_list/summaries/individual/fared-saal,16-Jun-17
QDi.404,Muhammad Bahrum Naim Anggih Tamtomo,https://www.un.org/securitycouncil/sanctions/1267/aq_sanctions_list/summaries/individual/muhammad-bahrum-naim-anggih-tamtomo,20-Jul-17
QDi.405,Malik Ruslanovich Barkhanoev,https://www.un.org/securitycouncil/sanctions/1267/aq_sanctions_list/summaries/individual/malik-ruslanovich-barkhanoev,20-Jul-17
QDi.406,Murad Iraklievich Margoshvili,https://www.un.org/securitycouncil/sanctions/1267/aq_sanctions_list/summaries/individual/murad-iraklievich-margoshvili,20-Jul-17
QDi.407,Oman Rochman,https://www.un.org/securitycouncil/sanctions/1267/aq_sanctions_list/summaries/individual/oman-rochman,20-Jul-17
QDi.408,Alexanda Amon Kotey,https://www.un.org/securitycouncil/sanctions/1267/aq_sanctions_list/summaries/individual/alexanda-amon-kotey,20-Jul-17
QDi.409,Elshafee El Sheikh,https://www.un.org/securitycouncil/sanctions/1267/aq_sanctions_list/summaries/individual/elshafee-el-sheikh,20-Jul-17
QDi.410,SHANE DOMINIC CRAWFORD,https://www.un.org/securitycouncil/sanctions/1267/aq_sanctions_list/summaries/individual/shane-dominic-crawford,18-Aug-17
QDi.411,SALIM MUSTAFA MUHAMMAD AL-MANSUR,https://www.un.org/securitycouncil/sanctions/1267/aq_sanctions_list/summaries/individual/salim-mustafa-muhammad-al-mansur,6-Mar-18
QDi.412,UMAR MAHMUD IRHAYYIM AL-KUBAYSI,https://www.un.org/securitycouncil/sanctions/1267/aq_sanctions_list/summaries/individual/umar-mahmud-irhayyim-al-kubaysi,6-Mar-18
QDi.413,MYRNA AJIJUL MABANZA,https://www.un.org/securitycouncil/sanctions/1267/aq_sanctions_list/summaries/individual/myrna-ajijul-mabanza,18-Jun-18
QDi.414,ABDULPATTA ESCALON ABUBAKAR,https://www.un.org/securitycouncil/sanctions/1267/aq_sanctions_list/summaries/individual/abdulpatta-escalon-abubakar,18-Jun-18
QDi.415,ADNAN ABOU WALID AL-SAHRAOUI,https://www.un.org/securitycouncil/content/adnan-abou-walid-al-sahraoui,9-Aug-18
QDi.416,Mohammed Yusip Karim,https://www.un.org/securitycouncil/content/mohammed-yusip-karim,23-Aug-18
QDi.417,Mohamad Rafi Bin Udin,https://www.un.org/securitycouncil/content/mohamad-rafi-bin-udin,23-Aug-18
QDi.418,Muhammed Reza Lahaman Kiram,https://www.un.org/securitycouncil/content/muhammed-reza-lahaman-kiram,23-Aug-18
QDi.419,ANJEM CHOUDARY,https://www.un.org/securitycouncil/content/anjem-choudary,15-Oct-18
QDi.420,Taha Ibrahim Abdallah Bakr Al Khuwayta,https://www.un.org/securitycouncil/content/taha-ibrahim-abdallah-bakr-al-khuwayt,19-Nov-18
QDi.387,Mohammed Abdel-Halim Hemaida Saleh,https://www.un.org/securitycouncil/sanctions/1267/aq_sanctions_list/summaries/individual/mohammed-abdel-halim-hemaida-saleh,29-Feb-16
QDi.388,Salim Benghalem,https://www.un.org/securitycouncil/sanctions/1267/aq_sanctions_list/summaries/individual/salim-benghalem,29-Feb-16
QDi.389,Abu Ubaydah Yusuf al-Anabi,https://www.un.org/securitycouncil/sanctions/1267/aq_sanctions_list/summaries/individual/abu-ubaydah-yusuf-al-anabi,29-Feb-16
QDi.392,Faysal Ahmad Bin Ali Al-Zahrani,https://www.un.org/securitycouncil/sanctions/1267/aq_sanctions_list/summaries/individual/faysal-ahmad-bin-ali-al-zahrani,20-Apr-16
QDi.394,Husayn Juaythini,https://www.un.org/securitycouncil/sanctions/1267/aq_sanctions_list/summaries/individual/husayn-juaythini,20-Apr-16
QDi.395,Muhammad Sholeh Ibrahim,https://www.un.org/securitycouncil/sanctions/1267/aq_sanctions_list/summaries/individual/muhammad-sholeh-ibrahim,20-Apr-16
QDi.396,Aslan Avgazarovich Byutukaev,https://www.un.org/securitycouncil/sanctions/1267/aq_sanctions_list/summaries/individual/aslan-avgazarovich-byutukaev,3-Aug-16
QDi.397,Ayrat Nasimovich Vakhitov,https://www.un.org/securitycouncil/sanctions/1267/aq_sanctions_list/summaries/individual/ayrat-nasimovich-vakhitov,3-Aug-16
QDi.398,Rustam Magomedovich Aselderov,https://www.un.org/securitycouncil/sanctions/1267/aq_sanctions_list/summaries/individual/rustam-magomedovich-aselderov,12-Dec-16
QDi.399,Bassam Ahmad al-Hasri,https://www.un.org/securitycouncil/sanctions/1267/aq_sanctions_list/summaries/individual/bassam-ahmad-al-hasri,22-Feb-17
QDi.400,IYAD NAZMI SALIH KHALIL,https://www.un.org/securitycouncil/sanctions/1267/aq_sanctions_list/summaries/individual/iyad-nazmi-salih-khalil,22-Feb-17
QDi.401,Ghalib Abdullah al-Zaidi,https://www.un.org/securitycouncil/sanctions/1267/aq_sanctions_list/summaries/individual/ghalib-abdullah-al-zaidi,22-Feb-17
QDi.403,FARED SAAL,https://www.un.org/securitycouncil/sanctions/1267/aq_sanctions_list/summaries/individual/fared-saal,16-Jun-17
QDi.404,Muhammad Bahrum Naim Anggih Tamtomo,https://www.un.org/securitycouncil/sanctions/1267/aq_sanctions_list/summaries/individual/muhammad-bahrum-naim-anggih-tamtomo,20-Jul-17
QDi.405,Malik Ruslanovich Barkhanoev,https://www.un.org/securitycouncil/sanctions/1267/aq_sanctions_list/summaries/individual/malik-ruslanovich-barkhanoev,20-Jul-17
QDi.406,Murad Iraklievich Margoshvili,https://www.un.org/securitycouncil/sanctions/1267/aq_sanctions_list/summaries/individual/murad-iraklievich-margoshvili,20-Jul-17
QDi.407,Oman Rochman,https://www.un.org/securitycouncil/sanctions/1267/aq_sanctions_list/summaries/individual/oman-rochman,20-Jul-17
QDi.408,Alexanda Amon Kotey,https://www.un.org/securitycouncil/sanctions/1267/aq_sanctions_list/summaries/individual/alexanda-amon-kotey,20-Jul-17
QDi.409,Elshafee El Sheikh,https://www.un.org/securitycouncil/sanctions/1267/aq_sanctions_list/summaries/individual/elshafee-el-sheikh,20-Jul-17
QDi.410,SHANE DOMINIC CRAWFORD,https://www.un.org/securitycouncil/sanctions/1267/aq_sanctions_list/summaries/individual/shane-dominic-crawford,18-Aug-17
QDi.411,SALIM MUSTAFA MUHAMMAD AL-MANSUR,https://www.un.org/securitycouncil/sanctions/1267/aq_sanctions_list/summaries/individual/salim-mustafa-muhammad-al-mansur,6-Mar-18
QDi.412,UMAR MAHMUD IRHAYYIM AL-KUBAYSI,https://www.un.org/securitycouncil/sanctions/1267/aq_sanctions_list/summaries/individual/umar-mahmud-irhayyim-al-kubaysi,6-Mar-18
QDi.413,MYRNA AJIJUL MABANZA,https://www.un.org/securitycouncil/sanctions/1267/aq_sanctions_list/summaries/individual/myrna-ajijul-mabanza,18-Jun-18
QDi.414,ABDULPATTA ESCALON ABUBAKAR,https://www.un.org/securitycouncil/sanctions/1267/aq_sanctions_list/summaries/individual/abdulpatta-escalon-abubakar,18-Jun-18
QDi.415,ADNAN ABOU WALID AL-SAHRAOUI,https://www.un.org/securitycouncil/content/adnan-abou-walid-al-sahraoui,9-Aug-18
QDi.416,Mohammed Yusip Karim,https://www.un.org/securitycouncil/content/mohammed-yusip-karim,23-Aug-18
QDi.417,Mohamad Rafi Bin Udin,https://www.un.org/securitycouncil/content/mohamad-rafi-bin-udin,23-Aug-18
QDi.418,Muhammed Reza Lahaman Kiram,https://www.un.org/securitycouncil/content/muhammed-reza-lahaman-kiram,23-Aug-18
QDi.419,ANJEM CHOUDARY,https://www.un.org/securitycouncil/content/anjem-choudary,15-Oct-18
QDi.420,Taha Ibrahim Abdallah Bakr Al Khuwayta,https://www.un.org/securitycouncil/content/taha-ibrahim-abdallah-bakr-al-khuwayt,19-Nov-18
QDi.421,Hamza Usama Muhammad bin Laden,https://www.un.org/securitycouncil/content/hamza-usama-muhammad-bin-laden,28-Feb-19
QDi.422,Mohammed Masood Azhar Alvi,https://www.un.org/securitycouncil/content/mohammed-masood-azhar-alvi,1-May-19
QDi.423,ALI MAYCHOU,https://www.un.org/securitycouncil/content/ali-maychou,14-Aug-19
QDi.424,BAH AG MOUSSA,https://www.un.org/securitycouncil/content/bah-ag-moussa,14-Aug-19
QDi.425,AMADOU KOUFA,https://www.un.org/securitycouncil/content/amadou-koufa,4-Feb-20
QDi.426,Amir Muhammad Sa‚Äôid Abdal-Rahman al-Salbi,https://www.un.org/securitycouncil/content/amir-muhammad-sa%E2%80%99id-abdal-rahman-al-salbi,21-May-20
QDi.427,Noor Wali Mehsud,https://www.un.org/securitycouncil/content/noor-wali-mehsud,16-Jul-20
QDi.428,Jamal Hussein Hassan Zeiniye,https://www.un.org/securitycouncil/content/jamal-hussein-hassan-zeiniye,8-Oct-20
QDi.429,Mohammad Ali al Habbo,https://www.un.org/securitycouncil/content/mohammad-ali-al-habbo,17-Jun-21
QDi.430,Emraan Ali,https://www.un.org/securitycouncil/content/emraan-ali,23-Nov-21
QDi.431,Sanaullah Ghafari,https://www.un.org/securitycouncil/content/sanaullah-ghafari,21-Dec-21
QDi.432,Ashraf al-Qizani,https://www.un.org/securitycouncil/content/ashraf-al-qizani,30-Dec-21
QDi.433,ABDUL REHMAN MAKKI,https://www.un.org/securitycouncil/content/abdul-rehman-makki%E2%80%AF,16-Jan-23
QDi.434,Maulawi Rajab,https://www.un.org/securitycouncil/content/maulawi-rajab,26-Apr-23
QDi.435,Sultan Aziz Azam,https://www.un.org/securitycouncil/content/sultan-aziz-azam,26-Apr-23
QDi.356,AQSA MAHMOOD,https://www.un.org/securitycouncil/sanctions/1267/aq_sanctions_list/summaries/individual/aqsa-mahmood,28-Sep-15
QDi.353,ALI BEN TAHER BEN FALEH OUNI HARZI,https://www.un.org/securitycouncil/sanctions/1267/aq_sanctions_list/summaries/individual/ali-ben-taher-ben-faleh-ouni-harzi,10-Apr-15
QDi.354,TARAK BEN TAHER BEN FALEH OUNI HARZI,https://www.un.org/securitycouncil/sanctions/1267/aq_sanctions_list/summaries/individual/tarak-ben-taher-ben-faleh-ouni-harzi,date
QDi.355,SOFIANE BEN GOUMO,https://www.un.org/securitycouncil/sanctions/1267/aq_sanctions_list/summaries/individual/sofiane-ben-goumo,date
QDi.356,AQSA MAHMOOD,https://www.un.org/securitycouncil/sanctions/1267/aq_sanctions_list/summaries/individual/aqsa-mahmood,date
QDi.357,ASEEL MUTHANA,https://www.un.org/securitycouncil/sanctions/1267/aq_sanctions_list/summaries/individual/aseel-muthana,date
QDi.358,NASSER AHMED MUTHANA,https://www.un.org/securitycouncil/sanctions/1267/aq_sanctions_list/summaries/individual/nasser-ahmed-muthana,date
QDi.359,OMAR ALI HUSSAIN,https://www.un.org/securitycouncil/sanctions/1267/aq_sanctions_list/summaries/individual/omar-ali-hussain,date
QDi.360,SALLY-ANNE FRANCES JONES,https://www.un.org/securitycouncil/sanctions/1267/aq_sanctions_list/summaries/individual/sally-anne-frances-jones,date
QDi.361,AMRU AL-ABSI,https://www.un.org/securitycouncil/sanctions/1267/aq_sanctions_list/summaries/individual/amru-al-absi,date
QDi.363,MAGHOMED MAGHOMEDZAKIROVICH ABDURAKHMANOV,link,date
QDi.364,ISLAM SEIT-UMAROVICH ATABIEV,link,date
QDi.365,AKHMED RAJAPOVICH CHATAEV,link,date
QDi.366,TARKHAN ISMAILOVICH GAZIEV,link,date
QDi.367,ZAURBEK SALIMOVICH GUCHAEV,link,date
QDi.368,SHAMIL MAGOMEDOVICH ISMAILOV,link,date
QDi.369,MU‚ÄôTASSIM YAHYA ‚ÄòALI AL-RUMAYSH,link,date
QDi.370,TARAD MOHAMMAD Alnori Alfares ALJARBA,link,date
QDi.371,ABD AL-BASET AZZOUZ,link,date
QDi.372,GULMUROD KHALIMOV,link,date
QDi.374,NUSRET IMAMOVIC,link,date
QDi.375,BOUBAKER BEN HABIB BEN AL-HAKIM,link,date
QDi.376,PETER CHERIF,link,date
QDi.377,MUHANNAD AL-NAJDI,link,date
QDi.378,MAXIME HAUCHARD,link,date
QDi.380,ABD AL-LATIF BIN ABDALLAH SALIH MUHAMMAD AL-KAWARI,link,date
QDi.382,SA D BIN SA D MUHAMMAD SHARIYAN AL-KA BI,link,date
QDi.383,MORAD LAABOUDI,link,date
QDi.384,ALI MUSA AL-SHAWAKH,link,date
QDi.385,HASAN AL-SALAHAYN SALIH AL-SHA‚ÄôARI,link,date
QDi.386,MOUNIR BEN DHAOU BEN BRAHIM BEN HELAL,link,date